ProjectID,ProjectName,Budget,Spent,Status
P0001,Project 0001,2367825,1225367.264039578,Ongoing
P0002,Project 0002,2841057,2885178.1888094167,On Hold
P0003,Project 0003,1958591,,Ongoing
P0004,Project 0004,4168136,2762901.5718738725,On Hold
P0005,Project 0005,3835942,3840597.7942229533,Completed
P0006,Project 0006,4198379,3419354.378569711,Ongoing
P0007,Project 0007,3178638,3142711.687144611,Ongoing
P0008,Project 0008,4112365,4811669.1749799475,Ongoing
P0009,Project 0009,6874122,3902449.1216258435,On Hold
P0010,Project 0010,4937923,5258837.585186292,On Hold
P0011,Project 0011,2594235,3064261.1817769157,On Hold
P0012,Project 0012,5418715,5855372.746680367,Completed
P0013,Project 0013,3726067,,Ongoing
P0014,Project 0014,5355124,6370750.387424843,Ongoing
P0015,Project 0015,6877459,4776955.940930352,Completed
P0016,Project 0016,3228882,2451130.4630264062,Completed
P0017,Project 0017,1697935,1572952.8978750242,On Hold
P0018,Project 0018,4607245,2830607.2256605234,On Hold
P0019,Project 0019,9844066,6435367.387015367,Ongoing
P0020,Project 0020,4342788,4669634.110535147,Completed
P0021,Project 0021,4991946,2727259.960121954,On Hold
P0022,Project 0022,5779418,3749909.3731890055,On Hold
P0023,Project 0023,8198256,4919036.511499828,On Hold
P0024,Project 0024,9918194,8701073.924360067,Completed
P0025,Project 0025,7200828,5425085.889455375,Ongoing
P0026,Project 0026,9048432,7650097.131045437,Ongoing
P0027,Project 0027,3064251,2877982.0125143146,Completed
P0028,Project 0028,1565818,1204641.9077020795,Completed
P0029,Project 0029,9377065,6338801.081491083,Ongoing
P0030,Project 0030,2421859,2366633.974834232,Completed
P0031,Project 0031,6207197,3588296.9221014623,Completed
P0032,Project 0032,554447,647411.7656963961,Completed
P0033,Project 0033,8898441,9195413.470746536,Ongoing
P0034,Project 0034,5507072,5998129.590405191,Ongoing
P0035,Project 0035,3064217,2334135.7285517026,On Hold
P0036,Project 0036,509594,468449.99660139816,Ongoing
P0037,Project 0037,6589806,7348327.69196734,Completed
P0038,Project 0038,4517343,2441838.9917704468,Ongoing
P0039,Project 0039,1937026,1960919.828568057,On Hold
P0040,Project 0040,2609911,1539518.7068528284,On Hold
P0041,Project 0041,3270370,2241968.2733106907,Completed
P0042,Project 0042,4053384,4662362.162943394,On Hold
P0043,Project 0043,3874754,3871128.318958748,On Hold
P0044,Project 0044,6764956,5457087.453894549,Ongoing
P0045,Project 0045,4659166,3062414.535091581,On Hold
P0046,Project 0046,9793261,6474132.045384441,Ongoing
P0047,Project 0047,1487737,982292.1138352988,Completed
P0048,Project 0048,1688789,1452205.339590799,Completed
P0049,Project 0049,4094297,3592597.2073254245,On Hold
P0050,Project 0050,8430103,5648995.747478347,Completed
P0051,Project 0051,3694548,2091217.827944243,Completed
P0052,Project 0052,7606470,5992160.990792835,Ongoing
P0053,Project 0053,2151177,1166860.5132680775,Ongoing
P0054,Project 0054,4671761,2962424.618912996,Ongoing
P0055,Project 0055,7577999,4762330.006195333,Ongoing
P0056,Project 0056,7934500,8455126.750576586,Ongoing
P0057,Project 0057,1348731,1290063.1245192646,Ongoing
P0058,Project 0058,2064689,2371206.3038460477,Ongoing
P0059,Project 0059,7318496,6147161.843832607,Completed
P0060,Project 0060,1483738,,Completed
P0061,Project 0061,4949368,5684659.233287347,Completed
P0062,Project 0062,7596887,7502792.35660737,On Hold
P0063,Project 0063,8664991,5271414.668479837,Ongoing
P0064,Project 0064,9596526,5207749.6436998695,Ongoing
P0065,Project 0065,8499183,7241263.698237115,Ongoing
P0066,Project 0066,1454280,,Ongoing
P0067,Project 0067,1649597,1511896.1885462524,Ongoing
P0068,Project 0068,7274229,4247572.378720182,Ongoing
P0069,Project 0069,1166754,1089243.0982942157,On Hold
P0070,Project 0070,9982934,8644700.741847424,Ongoing
P0071,Project 0071,5771130,3849806.363203921,On Hold
P0072,Project 0072,5533115,4537470.798600709,Ongoing
P0073,Project 0073,656287,538680.2815479488,Ongoing
P0074,Project 0074,1729110,1515295.3171333154,Ongoing
P0075,Project 0075,6355396,7096466.452193072,Completed
P0076,Project 0076,5281295,3223822.789895861,On Hold
P0077,Project 0077,5575395,5174939.109647743,On Hold
P0078,Project 0078,9374152,4738410.496889631,Completed
P0079,Project 0079,2237893,2589803.9182949066,Ongoing
P0080,Project 0080,2295765,2340972.4669497465,Completed
P0081,Project 0081,4033779,4043171.779437187,On Hold
P0082,Project 0082,4928914,4208239.447530188,Ongoing
P0083,Project 0083,2048511,1933792.5672092633,Ongoing
P0084,Project 0084,559486,410377.1494906044,Completed
P0085,Project 0085,3210895,3271457.73222188,Completed
P0086,Project 0086,9910455,,On Hold
P0087,Project 0087,3000715,2646370.1752713444,On Hold
P0088,Project 0088,9769832,5897711.983666831,Completed
P0089,Project 0089,6617837,7473437.570961056,Ongoing
P0090,Project 0090,6503042,4207816.586426621,Ongoing
P0091,Project 0091,6433742,6730217.64114732,Completed
P0092,Project 0092,3092974,3550841.403343776,Ongoing
P0093,Project 0093,3470445,,On Hold
P0094,Project 0094,6073147,6362657.24134365,On Hold
P0095,Project 0095,4663555,3202761.6707054935,Ongoing
P0096,Project 0096,6917985,7682538.20514981,Ongoing
P0097,Project 0097,3848276,4123853.445368089,Completed
P0098,Project 0098,4318418,2833082.9412141903,Completed
P0099,Project 0099,6007321,,Completed
P0100,Project 0100,6391254,6065537.909462068,On Hold
P0101,Project 0101,6055772,7009350.183016939,Completed
P0102,Project 0102,3495870,3168701.3627395956,Ongoing
P0103,Project 0103,2318692,2127631.4974590302,Completed
P0104,Project 0104,7821474,7229749.74929267,Completed
P0105,Project 0105,3688992,2502264.5011556256,Ongoing
P0106,Project 0106,9222815,10586893.463994697,On Hold
P0107,Project 0107,3805700,,On Hold
P0108,Project 0108,6039837,5654548.471221143,Ongoing
P0109,Project 0109,5538571,4735399.296007987,Completed
P0110,Project 0110,7251158,7164476.859177121,Ongoing
P0111,Project 0111,7553918,7292934.695280769,On Hold
P0112,Project 0112,3419694,3183257.865492608,On Hold
P0113,Project 0113,506810,361209.80412708607,On Hold
P0114,Project 0114,5906444,4875720.694448735,Ongoing
P0115,Project 0115,9076076,7544309.649824222,On Hold
P0116,Project 0116,3346949,3217072.389485206,On Hold
P0117,Project 0117,6123525,3462063.698039897,Ongoing
P0118,Project 0118,5707974,3751557.1565986434,Ongoing
P0119,Project 0119,1275337,856248.2289460757,Ongoing
P0120,Project 0120,8140615,6431970.797520239,Ongoing
P0121,Project 0121,6942089,5873451.714786947,On Hold
P0122,Project 0122,593026,667072.3402691752,Ongoing
P0123,Project 0123,7632769,4985639.191490081,On Hold
P0124,Project 0124,9189889,7583357.811940133,Ongoing
P0125,Project 0125,8158158,4840540.043499044,On Hold
P0126,Project 0126,9877210,9055590.316156536,Completed
P0127,Project 0127,8968772,7163524.385960902,Completed
P0128,Project 0128,3170226,3235402.072443069,Completed
P0129,Project 0129,4647994,5056571.364458344,On Hold
P0130,Project 0130,8630188,8101363.787901247,Ongoing
P0131,Project 0131,5293722,3515801.668956354,On Hold
P0132,Project 0132,1851868,1105309.3475862602,On Hold
P0133,Project 0133,3063646,,Completed
P0134,Project 0134,6051268,5324073.801682393,Ongoing
P0135,Project 0135,7548838,5832487.154505361,On Hold
P0136,Project 0136,827691,910222.0747847729,Completed
P0137,Project 0137,8502392,4286287.569727112,Completed
P0138,Project 0138,7530010,6601969.379417504,On Hold
P0139,Project 0139,4200025,3535415.7080135937,Completed
P0140,Project 0140,986955,762126.6927208477,Completed
P0141,Project 0141,3268991,3557819.3136003753,On Hold
P0142,Project 0142,9461107,4909146.240819404,On Hold
P0143,Project 0143,954696,533449.014435349,Completed
P0144,Project 0144,3548907,1899372.3414461573,Ongoing
P0145,Project 0145,8128588,5924050.4211859815,Completed
P0146,Project 0146,5168371,5304851.534642966,Completed
P0147,Project 0147,1874158,1554079.52368036,Ongoing
P0148,Project 0148,6371360,,On Hold
P0149,Project 0149,1175419,1208287.5269377108,Ongoing
P0150,Project 0150,841919,787139.506260153,Completed
P0151,Project 0151,2419136,2164591.382986301,On Hold
P0152,Project 0152,4799055,4975797.807384907,On Hold
P0153,Project 0153,2421542,2529190.003743121,Completed
P0154,Project 0154,2313596,2093987.877676119,On Hold
P0155,Project 0155,6796605,5285434.992338882,Ongoing
P0156,Project 0156,4574336,2613459.566963969,On Hold
P0157,Project 0157,2530966,2676139.8094428405,Ongoing
P0158,Project 0158,6325112,5521327.340839473,Ongoing
P0159,Project 0159,8988613,,Completed
P0160,Project 0160,8724219,5006630.45435764,On Hold
P0161,Project 0161,8213146,8173033.410473993,On Hold
P0162,Project 0162,9253457,10880507.259648776,On Hold
P0163,Project 0163,8611742,7108232.08871831,On Hold
P0164,Project 0164,5002929,3630191.3615204,Ongoing
P0165,Project 0165,5179639,5786391.384993854,Completed
P0166,Project 0166,6858385,5044188.772339597,Completed
P0167,Project 0167,3550766,2987206.0062662386,Completed
P0168,Project 0168,6209938,4320632.310321005,Completed
P0169,Project 0169,9824626,4982124.631990242,Ongoing
P0170,Project 0170,4549282,4567716.89564568,Ongoing
P0171,Project 0171,8487516,8081235.83719841,Ongoing
P0172,Project 0172,2061176,1455117.9229947,Ongoing
P0173,Project 0173,5637284,5438693.84447117,On Hold
P0174,Project 0174,9407391,6967397.651112107,On Hold
P0175,Project 0175,6049757,4514736.241475255,Completed
P0176,Project 0176,4717853,3120277.712828002,Completed
P0177,Project 0177,2505795,2555952.858403084,On Hold
P0178,Project 0178,3606298,2286676.679520187,Completed
P0179,Project 0179,9301946,8536893.669081809,Ongoing
P0180,Project 0180,5470190,3606158.288235445,Ongoing
P0181,Project 0181,9461299,,Ongoing
P0182,Project 0182,9783822,6892660.050987151,On Hold
P0183,Project 0183,8735577,,Completed
P0184,Project 0184,8375173,6994106.52024567,Ongoing
P0185,Project 0185,4735884,5487679.621641559,Ongoing
P0186,Project 0186,7222755,6097612.948952579,On Hold
P0187,Project 0187,1399411,848335.4097669714,Completed
P0188,Project 0188,1929098,2306704.823878828,Completed
P0189,Project 0189,4286401,4470653.994979184,Completed
P0190,Project 0190,5488757,6049250.565754074,Completed
P0191,Project 0191,1510496,1399839.5380958342,Ongoing
P0192,Project 0192,4040415,,Ongoing
P0193,Project 0193,3416107,3028018.701844731,Completed
P0194,Project 0194,8058197,7917660.392787192,Ongoing
P0195,Project 0195,4383526,3075803.6919827466,Completed
P0196,Project 0196,1694198,1662295.3097704016,On Hold
P0197,Project 0197,3818855,3045908.3464813298,On Hold
P0198,Project 0198,2999627,3407240.3487181272,Ongoing
P0199,Project 0199,1500560,924563.9704151354,On Hold
P0200,Project 0200,5342082,4313236.613378527,Completed
P0201,Project 0201,7252972,8412529.06542725,Completed
P0202,Project 0202,7844375,,Completed
P0203,Project 0203,5907658,,Ongoing
P0204,Project 0204,848050,1017406.1716930458,Completed
P0205,Project 0205,1174975,1215131.3015236547,On Hold
P0206,Project 0206,7919378,9037997.678174136,On Hold
P0207,Project 0207,7812936,7378140.670810915,Ongoing
P0208,Project 0208,8385465,6235203.181245275,On Hold
P0209,Project 0209,2254894,2481315.045715352,On Hold
P0210,Project 0210,8812590,6184256.682857088,On Hold
P0211,Project 0211,1115675,913044.0269054641,Completed
P0212,Project 0212,2444841,2882783.678372786,On Hold
P0213,Project 0213,519311,498726.69107545813,Completed
P0214,Project 0214,1409393,889760.7645345597,Completed
P0215,Project 0215,7916216,8169482.46899036,On Hold
P0216,Project 0216,2698037,3101045.30285533,On Hold
P0217,Project 0217,8632114,5049771.655911746,On Hold
P0218,Project 0218,4514745,4500514.422495089,Ongoing
P0219,Project 0219,9765241,7671509.670999073,Ongoing
P0220,Project 0220,8241810,9584751.287889335,Ongoing
P0221,Project 0221,8861353,10215874.09342438,On Hold
P0222,Project 0222,5087308,4023263.141876436,Completed
P0223,Project 0223,4589126,3761938.474924905,Ongoing
P0224,Project 0224,9026867,9229111.985875925,Ongoing
P0225,Project 0225,5134662,5344528.949471103,Completed
P0226,Project 0226,9018424,,On Hold
P0227,Project 0227,5508935,5983987.795192664,On Hold
P0228,Project 0228,8714801,9635802.227167988,Completed
P0229,Project 0229,6290218,4608892.8553316705,Completed
P0230,Project 0230,8139414,9384716.497070262,On Hold
P0231,Project 0231,4506492,4057007.0494566746,Completed
P0232,Project 0232,1232280,890597.6271665669,Completed
P0233,Project 0233,6977326,8316203.700146896,On Hold
P0234,Project 0234,3051903,,On Hold
P0235,Project 0235,6069946,6730296.756804208,Completed
P0236,Project 0236,2172884,1886423.490914733,On Hold
P0237,Project 0237,2918526,2296836.2828217144,Ongoing
P0238,Project 0238,1755409,1454608.118468805,Completed
P0239,Project 0239,7168663,6845253.47717222,On Hold
P0240,Project 0240,9452696,7240827.318347367,On Hold
P0241,Project 0241,8686400,,Ongoing
P0242,Project 0242,4438791,4180509.7888156585,Ongoing
P0243,Project 0243,2016313,,On Hold
P0244,Project 0244,2186231,1772104.1625745457,Ongoing
P0245,Project 0245,1271600,,Completed
P0246,Project 0246,6788789,5441083.709486651,Completed
P0247,Project 0247,9994697,9767420.188310599,Ongoing
P0248,Project 0248,1824869,1691004.367353248,On Hold
P0249,Project 0249,4540453,3851970.8383110743,Ongoing
P0250,Project 0250,8236811,7796415.417120793,On Hold
P0251,Project 0251,657662,742655.5879425675,Completed
P0252,Project 0252,9670395,5904578.166063429,Completed
P0253,Project 0253,5518975,5227888.207400143,Completed
P0254,Project 0254,8164433,8913215.583024634,Completed
P0255,Project 0255,8606886,4946009.759962242,Completed
P0256,Project 0256,5463914,6528745.768403131,On Hold
P0257,Project 0257,7140518,4942211.466716635,On Hold
P0258,Project 0258,1322825,1504623.310262067,Completed
P0259,Project 0259,4360745,4033451.4587938823,On Hold
P0260,Project 0260,3689885,3448654.3926269435,On Hold
P0261,Project 0261,2794774,2626455.026013413,On Hold
P0262,Project 0262,1161401,831856.9722488328,On Hold
P0263,Project 0263,6621355,,Completed
P0264,Project 0264,5981437,6120425.291634064,Ongoing
P0265,Project 0265,9549760,10633871.843603645,On Hold
P0266,Project 0266,5072250,5484780.321220512,Completed
P0267,Project 0267,5451651,5574812.22162715,Ongoing
P0268,Project 0268,8357296,9811676.985443927,Ongoing
P0269,Project 0269,7167458,8436734.701910518,Completed
P0270,Project 0270,2015030,,On Hold
P0271,Project 0271,2573474,2106003.0125554837,On Hold
P0272,Project 0272,4898338,4453530.037156302,Completed
P0273,Project 0273,2317745,2253741.8364268625,On Hold
P0274,Project 0274,9918852,7236838.035091789,On Hold
P0275,Project 0275,1560605,1474432.6767978366,On Hold
P0276,Project 0276,5569909,5316297.744510892,Ongoing
P0277,Project 0277,1124315,801698.6673621554,Ongoing
P0278,Project 0278,4439290,4976805.963030246,Completed
P0279,Project 0279,6724540,6518367.978674712,On Hold
P0280,Project 0280,7531780,6862492.787457264,Completed
P0281,Project 0281,2161307,2341960.187745946,Completed
P0282,Project 0282,1048888,1031262.973385798,Completed
P0283,Project 0283,4461312,,On Hold
P0284,Project 0284,6662857,5870817.223506138,Completed
P0285,Project 0285,1515861,1180397.5498930896,Ongoing
P0286,Project 0286,8128891,4586087.788866601,On Hold
P0287,Project 0287,858318,459547.71228059503,Ongoing
P0288,Project 0288,9972046,6418446.604346854,On Hold
P0289,Project 0289,3975523,3619587.104912595,Ongoing
P0290,Project 0290,6012314,6265179.929047206,On Hold
P0291,Project 0291,547572,380065.5593724176,Ongoing
P0292,Project 0292,9563311,6459614.325736362,On Hold
P0293,Project 0293,932519,552295.8110794817,Ongoing
P0294,Project 0294,5931983,3031520.683376848,Ongoing
P0295,Project 0295,7562546,6566255.196381416,Completed
P0296,Project 0296,8020810,8378633.794371225,Ongoing
P0297,Project 0297,8083392,6892603.944013634,Ongoing
P0298,Project 0298,9248499,6576988.957470164,Ongoing
P0299,Project 0299,1520480,1823071.832564754,Completed
P0300,Project 0300,2311298,1948859.1954320876,Ongoing
P0301,Project 0301,1855439,1346080.6829028125,Ongoing
P0302,Project 0302,5114002,4791933.64007236,On Hold
P0303,Project 0303,5955706,4565841.2294288995,Completed
P0304,Project 0304,8112081,6926790.386105411,On Hold
P0305,Project 0305,2419549,2654136.17031154,On Hold
P0306,Project 0306,4107488,3290298.987188767,Completed
P0307,Project 0307,6186328,6676244.702596559,On Hold
P0308,Project 0308,2095275,1506049.82082817,Completed
P0309,Project 0309,6779729,7915433.6921197735,Completed
P0310,Project 0310,1626310,,Completed
P0311,Project 0311,2120082,2165053.7696875804,Ongoing
P0312,Project 0312,9834352,5330087.835468686,On Hold
P0313,Project 0313,6030541,5843650.224458375,On Hold
P0314,Project 0314,7595702,8413489.489944339,Completed
P0315,Project 0315,5742022,4284423.094126303,Ongoing
P0316,Project 0316,3095941,2971222.2926266096,Ongoing
P0317,Project 0317,6373938,6958819.429909114,Completed
P0318,Project 0318,4294319,4573685.749941895,On Hold
P0319,Project 0319,9840543,5101117.870133618,On Hold
P0320,Project 0320,4987028,2594587.2272491306,Completed
P0321,Project 0321,6201311,4624419.280191711,Ongoing
P0322,Project 0322,7224045,3963904.2501093573,Ongoing
P0323,Project 0323,2039438,2084873.0757769763,Completed
P0324,Project 0324,8110913,5990940.855126451,On Hold
P0325,Project 0325,5942241,6202421.629858751,Ongoing
P0326,Project 0326,1382629,841891.000384971,Ongoing
P0327,Project 0327,1868710,1290291.9133342784,Completed
P0328,Project 0328,7916270,6253288.209082213,On Hold
P0329,Project 0329,2409540,1786965.461536749,On Hold
P0330,Project 0330,8664342,7528047.12105732,Ongoing
P0331,Project 0331,7131419,,Ongoing
P0332,Project 0332,5556977,6455689.447185119,Completed
P0333,Project 0333,5356117,,On Hold
P0334,Project 0334,7725192,4812689.254524989,On Hold
P0335,Project 0335,4360617,3707325.24499704,Completed
P0336,Project 0336,1709226,1329692.0624118075,Completed
P0337,Project 0337,814430,,Completed
P0338,Project 0338,7702195,6942602.808584375,Completed
P0339,Project 0339,5357259,,Completed
P0340,Project 0340,3383553,3589697.6854285146,On Hold
P0341,Project 0341,6570880,3690803.612095851,Ongoing
P0342,Project 0342,7809439,7123847.583397103,Completed
P0343,Project 0343,5705543,5831426.55490093,Ongoing
P0344,Project 0344,1781433,1527290.738322241,On Hold
P0345,Project 0345,3753164,4256635.608063536,On Hold
P0346,Project 0346,2977824,1981408.9341921513,Ongoing
P0347,Project 0347,3410830,3143691.3716574903,On Hold
P0348,Project 0348,1764218,1100876.072523316,Completed
P0349,Project 0349,8283840,8516715.953509793,Completed
P0350,Project 0350,9970600,9473010.042825742,Completed
P0351,Project 0351,5803930,,Completed
P0352,Project 0352,5580483,5900974.465829999,Completed
P0353,Project 0353,9011700,4973858.755365771,Ongoing
P0354,Project 0354,1454456,1102646.8298024884,On Hold
P0355,Project 0355,2014923,1874897.682908031,Completed
P0356,Project 0356,9799885,11445893.614684464,Ongoing
P0357,Project 0357,8045279,9142131.86790111,Ongoing
P0358,Project 0358,5894323,5443431.362025354,Ongoing
P0359,Project 0359,8058523,4613112.08096864,Completed
P0360,Project 0360,1914808,1633684.1251262315,Ongoing
P0361,Project 0361,7844365,9363741.750078315,On Hold
P0362,Project 0362,3163319,2387447.2309545344,Completed
P0363,Project 0363,7358012,7667970.845532107,Ongoing
P0364,Project 0364,6114484,,On Hold
P0365,Project 0365,6985471,4882165.812034325,On Hold
P0366,Project 0366,3022845,2216813.734726831,Ongoing
P0367,Project 0367,6369018,4567619.0644471375,On Hold
P0368,Project 0368,7075963,4176701.5139027424,Ongoing
P0369,Project 0369,5693922,5074682.069823934,Completed
P0370,Project 0370,2644023,2562273.721984272,On Hold
P0371,Project 0371,9331414,5276140.81459101,On Hold
P0372,Project 0372,6570468,3369082.21562744,Ongoing
P0373,Project 0373,6233317,7251640.2056676755,Ongoing
P0374,Project 0374,2807963,1708537.7188595429,Ongoing
P0375,Project 0375,9017619,9374827.66747619,On Hold
P0376,Project 0376,1133297,1091762.1932477208,On Hold
P0377,Project 0377,2698638,2477545.35886846,Ongoing
P0378,Project 0378,3277286,,Completed
P0379,Project 0379,4485095,5286635.398043505,On Hold
P0380,Project 0380,8031761,5331499.505538903,Completed
P0381,Project 0381,3755051,2844408.5906167077,Completed
P0382,Project 0382,8245704,8564045.78204545,On Hold
P0383,Project 0383,9349306,7414584.725516561,Ongoing
P0384,Project 0384,2821942,,Completed
P0385,Project 0385,6727905,5975580.717691331,On Hold
P0386,Project 0386,2591745,1813039.948961236,Completed
P0387,Project 0387,8038325,9113164.372599514,Completed
P0388,Project 0388,2038698,2369964.5785328853,Completed
P0389,Project 0389,6365064,7328291.356453452,Completed
P0390,Project 0390,8922281,6796753.133375179,Ongoing
P0391,Project 0391,6789990,4462226.147888311,Ongoing
P0392,Project 0392,6125238,6455795.327219035,Completed
P0393,Project 0393,8426478,8319043.708706244,On Hold
P0394,Project 0394,8370361,,Ongoing
P0395,Project 0395,818832,556107.0915189735,On Hold
P0396,Project 0396,9354536,7448814.315825204,Ongoing
P0397,Project 0397,5552478,3249831.179080741,On Hold
P0398,Project 0398,8169093,4443700.720372097,Completed
P0399,Project 0399,9493490,4855965.196269196,Ongoing
P0400,Project 0400,2908819,,Completed
P0401,Project 0401,4535998,4079969.6321852133,On Hold
P0402,Project 0402,1936363,1677740.789991618,On Hold
P0403,Project 0403,9628180,8233339.667158898,On Hold
P0404,Project 0404,841153,650478.429952867,On Hold
P0405,Project 0405,6990791,8296164.596073052,Ongoing
P0406,Project 0406,6491041,6828341.5284937015,On Hold
P0407,Project 0407,2239191,2328872.7533761,Completed
P0408,Project 0408,2738241,1454101.7596172115,On Hold
P0409,Project 0409,3437508,3716869.324235897,On Hold
P0410,Project 0410,8528420,8035606.047117414,Ongoing
P0411,Project 0411,8178589,4301027.153794335,Ongoing
P0412,Project 0412,1203065,867310.0996736859,Completed
P0413,Project 0413,9610543,,On Hold
P0414,Project 0414,3706183,2595357.0360455476,Ongoing
P0415,Project 0415,6068772,4195048.502383233,Completed
P0416,Project 0416,7211251,7357750.404315252,Completed
P0417,Project 0417,6188090,7311887.422406004,Completed
P0418,Project 0418,6663058,7642642.974399766,Ongoing
P0419,Project 0419,7621922,4232063.838693813,Ongoing
P0420,Project 0420,9651541,6810479.546198057,Completed
P0421,Project 0421,5460015,3901437.880185345,Completed
P0422,Project 0422,3295835,3239263.1982100504,Ongoing
P0423,Project 0423,6414963,5968456.156160162,On Hold
P0424,Project 0424,1462308,807967.3071240537,Completed
P0425,Project 0425,9108154,9661630.859940335,Ongoing
P0426,Project 0426,2895441,3167810.840871276,Completed
P0427,Project 0427,1083829,637682.7327066415,On Hold
P0428,Project 0428,6645971,5007775.088451676,Ongoing
P0429,Project 0429,3074265,2998464.2000778005,Completed
P0430,Project 0430,7948065,8219563.987642043,On Hold
P0431,Project 0431,6656398,5182830.119186857,Ongoing
P0432,Project 0432,2403351,1245270.6975754255,On Hold
P0433,Project 0433,6992570,7967891.943911881,Completed
P0434,Project 0434,7987220,5193284.835346989,On Hold
P0435,Project 0435,8740971,5595312.651402045,Ongoing
P0436,Project 0436,8084017,5019038.387123623,Ongoing
P0437,Project 0437,5861793,5671213.526306788,On Hold
P0438,Project 0438,9596126,6748510.135828471,Ongoing
P0439,Project 0439,3420762,3610913.5005760794,Ongoing
P0440,Project 0440,3871891,4082699.8671447393,Completed
P0441,Project 0441,940972,708201.4670796354,Completed
P0442,Project 0442,9755099,5763701.3352467,Ongoing
P0443,Project 0443,5689037,4430121.303767491,Completed
P0444,Project 0444,9319709,7339798.188253468,On Hold
P0445,Project 0445,1737331,1021079.3727644035,Ongoing
P0446,Project 0446,8049319,6649407.517178407,Ongoing
P0447,Project 0447,9749336,9240964.191709105,Ongoing
P0448,Project 0448,7758130,6609962.83929654,Ongoing
P0449,Project 0449,9192311,5580751.53111068,Completed
P0450,Project 0450,4282763,3178735.897939809,Completed
P0451,Project 0451,1823049,1231330.530554027,On Hold
P0452,Project 0452,5104524,2999516.3428936508,On Hold
P0453,Project 0453,2067468,1761071.7260883502,On Hold
P0454,Project 0454,3086950,1913416.4343394546,On Hold
P0455,Project 0455,6164316,6717692.82938536,Ongoing
P0456,Project 0456,1862693,990623.4679307118,On Hold
P0457,Project 0457,4940189,4721788.1066412255,Completed
P0458,Project 0458,1008113,855511.5500426003,Completed
P0459,Project 0459,5568298,4666575.465609586,On Hold
P0460,Project 0460,7313102,,Ongoing
P0461,Project 0461,3152149,2546065.9258780363,Ongoing
P0462,Project 0462,6207484,5739825.712426427,On Hold
P0463,Project 0463,5857240,5938888.920281968,Completed
P0464,Project 0464,2693891,2781349.5084456373,Ongoing
P0465,Project 0465,5853876,3917510.4236991256,Completed
P0466,Project 0466,4659388,,Completed
P0467,Project 0467,7515136,5063617.445275924,Ongoing
P0468,Project 0468,5993461,6914212.887145204,Ongoing
P0469,Project 0469,3173322,2693470.9045224437,Completed
P0470,Project 0470,5676450,,Completed
P0471,Project 0471,8979950,7364110.813732171,On Hold
P0472,Project 0472,6420597,3428988.483619625,On Hold
P0473,Project 0473,8395137,,Ongoing
P0474,Project 0474,7729768,4589584.23090751,Completed
P0475,Project 0475,7265480,5493837.361178513,On Hold
P0476,Project 0476,9925722,6315327.088654502,Ongoing
P0477,Project 0477,6981857,5955376.497058285,Completed
P0478,Project 0478,2493318,,Completed
P0479,Project 0479,6188907,5511112.058093671,Ongoing
P0480,Project 0480,3839637,3539085.8268872434,Ongoing
P0481,Project 0481,1260064,664355.8615748541,Completed
P0482,Project 0482,9212957,7553629.6623155475,On Hold
P0483,Project 0483,2845135,2075742.4783407438,Ongoing
P0484,Project 0484,7092683,8464627.880932651,Completed
P0485,Project 0485,6143410,5253355.771565235,Completed
P0486,Project 0486,9944301,7058995.82889618,Completed
P0487,Project 0487,6057278,5885641.846170318,On Hold
P0488,Project 0488,5661977,5988833.701778241,On Hold
P0489,Project 0489,947065,869251.0438028979,On Hold
P0490,Project 0490,4317541,4339042.693570735,Ongoing
P0491,Project 0491,9295159,8740402.242021648,Completed
P0492,Project 0492,2979264,3203194.1333955107,On Hold
P0493,Project 0493,2343740,1484874.2023507578,Completed
P0494,Project 0494,3040594,2399247.8224444855,On Hold
P0495,Project 0495,8412226,9345750.876920857,Ongoing
P0496,Project 0496,2816639,2430979.8536278256,On Hold
P0497,Project 0497,8525733,7398921.023306094,Ongoing
P0498,Project 0498,8211874,9349111.077304589,Completed
P0499,Project 0499,4935261,4575251.506873227,Ongoing
P0500,Project 0500,5180950,4614468.323450434,Completed
P0501,Project 0501,5348684,5313546.653709993,Completed
P0502,Project 0502,5819061,4863934.271335127,On Hold
P0503,Project 0503,5087856,3568889.6306044585,On Hold
P0504,Project 0504,6870211,7742949.863367117,Completed
P0505,Project 0505,2957461,2080032.1734309755,On Hold
P0506,Project 0506,1825893,1355642.4010898112,Completed
P0507,Project 0507,8537616,5547664.037499032,Completed
P0508,Project 0508,9929097,9803195.160916926,On Hold
P0509,Project 0509,4514486,3023444.3939934913,On Hold
P0510,Project 0510,4286141,,Completed
P0511,Project 0511,6041407,6054399.887775631,Ongoing
P0512,Project 0512,586930,689738.5000333182,Ongoing
P0513,Project 0513,7326774,7011905.5824896,Completed
P0514,Project 0514,8510256,8130503.564028583,Completed
P0515,Project 0515,5888299,,Ongoing
P0516,Project 0516,4396008,3844777.5833097505,Ongoing
P0517,Project 0517,3437099,2723967.9382125284,Ongoing
P0518,Project 0518,7160463,7529745.554977844,On Hold
P0519,Project 0519,5356449,,On Hold
P0520,Project 0520,2300206,2645049.185276193,Completed
P0521,Project 0521,9615069,8336485.723295703,Ongoing
P0522,Project 0522,8959284,7414833.691198025,Ongoing
P0523,Project 0523,6047958,3711909.932556919,Completed
P0524,Project 0524,3623902,1847678.8212691017,Completed
P0525,Project 0525,3740708,2329886.659708399,Completed
P0526,Project 0526,7675669,,On Hold
P0527,Project 0527,2100296,1321814.6522044467,Completed
P0528,Project 0528,4661539,2353056.711288887,Completed
P0529,Project 0529,4979421,5815089.221461403,On Hold
P0530,Project 0530,691859,472600.0309589908,Ongoing
P0531,Project 0531,1542273,1492072.4462402237,Ongoing
P0532,Project 0532,7301762,7157563.400846348,On Hold
P0533,Project 0533,5717344,5621311.283315235,Completed
P0534,Project 0534,6666363,6201302.942455202,Ongoing
P0535,Project 0535,8522561,5175153.823568083,On Hold
P0536,Project 0536,6768384,5354413.966968398,Completed
P0537,Project 0537,9518050,10102424.902058346,Ongoing
P0538,Project 0538,1873555,1625973.4363062035,Completed
P0539,Project 0539,1810346,2067544.200159478,On Hold
P0540,Project 0540,8980665,5761184.116564957,Ongoing
P0541,Project 0541,6004900,6594222.118064159,On Hold
P0542,Project 0542,3946065,3953335.925951652,On Hold
P0543,Project 0543,7973959,8500913.760415914,On Hold
P0544,Project 0544,7469667,,Completed
P0545,Project 0545,5670227,5705927.066030119,Ongoing
P0546,Project 0546,4155777,,Completed
P0547,Project 0547,1569713,,Ongoing
P0548,Project 0548,8420040,4397066.218386416,Ongoing
P0549,Project 0549,7552503,5755933.558552295,Completed
P0550,Project 0550,6833337,5213507.267509711,On Hold
P0551,Project 0551,9547957,5662825.166631935,Ongoing
P0552,Project 0552,3494290,4175651.1928261057,Ongoing
P0553,Project 0553,4236121,4593544.252310582,Completed
P0554,Project 0554,8267916,8031866.175076022,On Hold
P0555,Project 0555,6863203,7387224.376715157,Completed
P0556,Project 0556,3102504,2149895.0681583057,On Hold
P0557,Project 0557,2393218,1250581.1405679644,On Hold
P0558,Project 0558,762492,,On Hold
P0559,Project 0559,1063316,863953.5501594392,Ongoing
P0560,Project 0560,4605957,4690608.754948308,Ongoing
P0561,Project 0561,9555666,6231139.403178351,Ongoing
P0562,Project 0562,2851084,2431196.5748073407,On Hold
P0563,Project 0563,5850316,5290045.103371125,Completed
P0564,Project 0564,4474590,3182485.4866963304,On Hold
P0565,Project 0565,9245141,6053070.411714982,Ongoing
P0566,Project 0566,9840180,11453617.03017619,Ongoing
P0567,Project 0567,7667236,,Completed
P0568,Project 0568,6894713,7239884.514356636,Completed
P0569,Project 0569,7349452,4442393.352386106,On Hold
P0570,Project 0570,8444327,5646533.429225122,On Hold
P0571,Project 0571,2921820,3108943.029734666,On Hold
P0572,Project 0572,7423579,8740895.558049344,Ongoing
P0573,Project 0573,7016590,4701122.044786318,On Hold
P0574,Project 0574,1826581,2092454.9761429492,Ongoing
P0575,Project 0575,9486473,9554863.816660525,Completed
P0576,Project 0576,6827828,6633715.201765787,Ongoing
P0577,Project 0577,3656856,3888172.007853331,On Hold
P0578,Project 0578,9875955,6438249.281711406,Completed
P0579,Project 0579,5586650,,Ongoing
P0580,Project 0580,2468239,2524553.0062481565,Ongoing
P0581,Project 0581,3931161,3057037.6393194026,Completed
P0582,Project 0582,5248945,4023123.291872271,Completed
P0583,Project 0583,5674467,3876189.4761451357,Completed
P0584,Project 0584,8318250,4733298.545553688,Completed
P0585,Project 0585,5872622,6694973.182167459,Completed
P0586,Project 0586,1266977,1132382.6241400237,Ongoing
P0587,Project 0587,772124,527006.9641879796,On Hold
P0588,Project 0588,7505797,5303855.870199104,Ongoing
P0589,Project 0589,6872653,6177502.422697747,On Hold
P0590,Project 0590,6163388,4191897.2550600213,On Hold
P0591,Project 0591,8730828,7181807.106004482,Completed
P0592,Project 0592,3339807,1997107.631424272,Ongoing
P0593,Project 0593,9595547,11449660.75720336,On Hold
P0594,Project 0594,1067468,,On Hold
P0595,Project 0595,1313936,1359972.6259373513,On Hold
P0596,Project 0596,4382808,2399927.3069323236,Ongoing
P0597,Project 0597,8984790,,On Hold
P0598,Project 0598,8606820,,On Hold
P0599,Project 0599,9755043,,On Hold
P0600,Project 0600,5109384,4470796.183888898,On Hold
P0601,Project 0601,7723819,8220594.873221503,Ongoing
P0602,Project 0602,2115878,1834613.8737824145,On Hold
P0603,Project 0603,9332465,6315211.287728919,Completed
P0604,Project 0604,1825722,1389622.9381451367,On Hold
P0605,Project 0605,4580351,5465105.899692839,On Hold
P0606,Project 0606,1852527,1774007.6499434311,Ongoing
P0607,Project 0607,2068678,1621212.2094160453,Completed
P0608,Project 0608,1441452,1363215.2509040784,Ongoing
P0609,Project 0609,8886232,9701373.669558384,Completed
P0610,Project 0610,9993498,11833605.346801648,On Hold
P0611,Project 0611,1213900,802189.4855816469,On Hold
P0612,Project 0612,8477571,5847544.789958954,On Hold
P0613,Project 0613,5203878,5877874.68055607,Ongoing
P0614,Project 0614,3509069,4035908.1725650677,Ongoing
P0615,Project 0615,2919132,2996717.066551113,Completed
P0616,Project 0616,1790796,1270558.6997276952,On Hold
P0617,Project 0617,7028964,6845680.081321897,Completed
P0618,Project 0618,2847981,2999916.969098268,Ongoing
P0619,Project 0619,8901909,9096145.03022073,Ongoing
P0620,Project 0620,7833124,,On Hold
P0621,Project 0621,7155572,8431012.416268079,On Hold
P0622,Project 0622,5085666,5332237.890843348,Ongoing
P0623,Project 0623,6469521,5739282.922751565,Ongoing
P0624,Project 0624,6876562,3850777.6390750147,Ongoing
P0625,Project 0625,1733237,966152.4196403014,On Hold
P0626,Project 0626,3088336,3143180.8395757745,Ongoing
P0627,Project 0627,2035458,1025131.2598543997,Completed
P0628,Project 0628,5025929,,Completed
P0629,Project 0629,8030347,7146121.657779848,Ongoing
P0630,Project 0630,940601,529307.4006567477,On Hold
P0631,Project 0631,5943037,,Completed
P0632,Project 0632,7006196,7324406.029804494,On Hold
P0633,Project 0633,4572543,4116991.064730554,Completed
P0634,Project 0634,3343767,1996857.6651985866,Completed
P0635,Project 0635,2948380,1604764.9203734968,Completed
P0636,Project 0636,5529008,,Completed
P0637,Project 0637,4637094,4658561.967909581,On Hold
P0638,Project 0638,3780754,3102120.5400383156,Ongoing
P0639,Project 0639,7138609,5229402.662224962,Completed
P0640,Project 0640,7885715,5790601.622451314,On Hold
P0641,Project 0641,2783789,1977338.4084911284,On Hold
P0642,Project 0642,3869728,3232410.188694336,Completed
P0643,Project 0643,5854241,4121465.902847913,Completed
P0644,Project 0644,4567204,3325474.249035931,Completed
P0645,Project 0645,6623944,3840042.596121427,On Hold
P0646,Project 0646,9654137,6042997.87238676,Ongoing
P0647,Project 0647,8244735,9564572.302486926,Completed
P0648,Project 0648,1660289,1781948.166755588,Completed
P0649,Project 0649,8876917,5303295.564215761,Completed
P0650,Project 0650,3086094,3088147.715039568,Ongoing
P0651,Project 0651,8034089,9588608.3361189,Completed
P0652,Project 0652,9465197,8089230.4282754855,On Hold
P0653,Project 0653,7517921,6619917.683767192,Completed
P0654,Project 0654,9507787,8706032.976439169,Ongoing
P0655,Project 0655,4664624,4479537.089625636,On Hold
P0656,Project 0656,1243175,1111714.4707356803,On Hold
P0657,Project 0657,7204473,8477991.79552609,Completed
P0658,Project 0658,2277454,1155542.4471235329,On Hold
P0659,Project 0659,9203982,8197023.952097766,Ongoing
P0660,Project 0660,7978923,6079011.357016774,On Hold
P0661,Project 0661,8896422,5386974.373591972,Completed
P0662,Project 0662,2254047,1593166.1772539958,Ongoing
P0663,Project 0663,2447320,2647810.380083672,Completed
P0664,Project 0664,5732651,4243002.585703426,On Hold
P0665,Project 0665,8602153,,On Hold
P0666,Project 0666,8090804,5851565.834746927,On Hold
P0667,Project 0667,2430810,1253835.0867208142,Ongoing
P0668,Project 0668,3257404,3749095.1678172094,On Hold
P0669,Project 0669,3426839,3037334.8939715773,Completed
P0670,Project 0670,8251982,5465278.462687373,Ongoing
P0671,Project 0671,3627053,3439662.081718596,Ongoing
P0672,Project 0672,3810554,3104467.900524082,Ongoing
P0673,Project 0673,4103680,2642971.5566030643,Ongoing
P0674,Project 0674,2207116,2338774.110745657,Completed
P0675,Project 0675,5969119,3808011.360136109,On Hold
P0676,Project 0676,8712178,7574372.028989515,On Hold
P0677,Project 0677,7020284,6514233.109591178,Completed
P0678,Project 0678,6405327,6993736.107294,On Hold
P0679,Project 0679,5490296,6275835.505217678,On Hold
P0680,Project 0680,2747270,1975919.0609080303,Ongoing
P0681,Project 0681,3570977,2718635.6753617446,Completed
P0682,Project 0682,7516887,6896729.331526064,Completed
P0683,Project 0683,3616429,3040220.297026333,On Hold
P0684,Project 0684,3406397,3026375.273504664,Ongoing
P0685,Project 0685,3638993,2620824.6299034967,Ongoing
P0686,Project 0686,6523677,7608495.108023442,Ongoing
P0687,Project 0687,6941514,8154060.18244674,Completed
P0688,Project 0688,7364135,7211606.601237986,Completed
P0689,Project 0689,8699017,5367967.151312179,Ongoing
P0690,Project 0690,5400455,2823825.341708672,Completed
P0691,Project 0691,3322078,3476614.8835184206,Completed
P0692,Project 0692,9722874,8337988.528850852,Completed
P0693,Project 0693,9611809,10345170.472419398,Ongoing
P0694,Project 0694,7904902,6975659.365839345,Ongoing
P0695,Project 0695,4652891,3296090.557331886,Completed
P0696,Project 0696,4909307,3652543.474646836,Completed
P0697,Project 0697,2469410,2575451.7867724565,On Hold
P0698,Project 0698,6382609,7038320.510776899,Completed
P0699,Project 0699,3284709,3059068.67389967,Ongoing
P0700,Project 0700,1495859,1344855.087541962,On Hold
P0701,Project 0701,9539036,5893828.419773764,Completed
P0702,Project 0702,5354206,4823683.994495991,On Hold
P0703,Project 0703,2097613,1247895.636945423,Completed
P0704,Project 0704,1494652,1785721.0654925848,Ongoing
P0705,Project 0705,2726183,1839557.5967210506,Ongoing
P0706,Project 0706,7088425,5972856.528473988,Completed
P0707,Project 0707,7449543,,Ongoing
P0708,Project 0708,7258714,6249240.509902112,Completed
P0709,Project 0709,8128527,9471179.655842176,Ongoing
P0710,Project 0710,2062657,2086691.8141668623,On Hold
P0711,Project 0711,6509980,7128912.233238853,Completed
P0712,Project 0712,4154579,4892806.167657984,Completed
P0713,Project 0713,5005300,3633875.853269814,On Hold
P0714,Project 0714,2691007,2411948.1684309603,Completed
P0715,Project 0715,1312172,698285.5144531386,Completed
P0716,Project 0716,773155,453815.71741551516,Completed
P0717,Project 0717,8159103,4083411.996379743,Ongoing
P0718,Project 0718,2713134,3031936.5641524275,Completed
P0719,Project 0719,2065985,1979650.7409688334,Completed
P0720,Project 0720,3277050,1757321.6427887361,On Hold
P0721,Project 0721,4428281,,Ongoing
P0722,Project 0722,518225,,On Hold
P0723,Project 0723,4294852,3709081.337140265,Ongoing
P0724,Project 0724,6264217,6715092.28007062,Completed
P0725,Project 0725,2717531,2267481.150370228,Ongoing
P0726,Project 0726,2218442,1269483.6310137766,Completed
P0727,Project 0727,2800647,2150630.092139862,Ongoing
P0728,Project 0728,2896676,1587054.383142452,On Hold
P0729,Project 0729,3253418,2628988.1641483204,On Hold
P0730,Project 0730,3039636,3477118.308242355,Completed
P0731,Project 0731,4144760,2323890.7655119435,Ongoing
P0732,Project 0732,6942986,5179987.920776772,Ongoing
P0733,Project 0733,4657165,,On Hold
P0734,Project 0734,5280177,5519256.850028954,On Hold
P0735,Project 0735,5560836,3580132.961883567,Ongoing
P0736,Project 0736,7072491,,Ongoing
P0737,Project 0737,8802838,6779240.740826561,On Hold
P0738,Project 0738,1691383,1471165.8647690623,Completed
P0739,Project 0739,5809530,3441495.953572138,On Hold
P0740,Project 0740,7560918,5714456.567440765,Completed
P0741,Project 0741,1724599,,Completed
P0742,Project 0742,4119565,,Completed
P0743,Project 0743,8999515,6304533.377995136,Completed
P0744,Project 0744,7606413,,On Hold
P0745,Project 0745,9520360,8865672.822821235,Completed
P0746,Project 0746,1825761,1566344.6240850678,Ongoing
P0747,Project 0747,9499133,6922257.665542018,On Hold
P0748,Project 0748,1609227,1154006.6863457058,Ongoing
P0749,Project 0749,1471500,987576.3703186325,Ongoing
P0750,Project 0750,8106317,,On Hold
P0751,Project 0751,3446849,2011615.9062422116,On Hold
P0752,Project 0752,690431,424396.08904655505,On Hold
P0753,Project 0753,9177559,9618916.724459704,Ongoing
P0754,Project 0754,6738933,3968230.301625219,Completed
P0755,Project 0755,2480663,,Completed
P0756,Project 0756,5063077,4388158.4465372255,On Hold
P0757,Project 0757,1793020,1519231.7598364581,Ongoing
P0758,Project 0758,8882064,9784054.012199348,Ongoing
P0759,Project 0759,4780137,4977701.339847833,On Hold
P0760,Project 0760,2434976,1606799.5020704074,Ongoing
P0761,Project 0761,706159,473964.0453427076,Completed
P0762,Project 0762,3018002,1887074.1192245383,Ongoing
P0763,Project 0763,9775531,10383381.734112129,On Hold
P0764,Project 0764,7535849,4952263.952181804,On Hold
P0765,Project 0765,5867620,,Completed
P0766,Project 0766,2503215,2131308.9926205003,Ongoing
P0767,Project 0767,4244423,4511977.052695637,Completed
P0768,Project 0768,1656393,1845046.0035936476,Completed
P0769,Project 0769,5991198,3357885.9384619654,Completed
P0770,Project 0770,3866703,2722609.628277467,On Hold
P0771,Project 0771,4569884,3769005.8123197425,Completed
P0772,Project 0772,3778644,3826724.7348128664,Ongoing
P0773,Project 0773,3026084,1526552.006264377,Ongoing
P0774,Project 0774,9585620,7117290.147867364,Ongoing
P0775,Project 0775,6120658,3066593.0550702857,On Hold
P0776,Project 0776,5659172,3241371.7658192636,Ongoing
P0777,Project 0777,7543341,,Ongoing
P0778,Project 0778,5194689,2935615.618490017,On Hold
P0779,Project 0779,7429943,7360048.313551135,On Hold
P0780,Project 0780,1924426,1744568.0667514384,On Hold
P0781,Project 0781,7116116,3930809.6847793134,Completed
P0782,Project 0782,2692921,1792785.8036850179,Completed
P0783,Project 0783,7092651,7025327.020681464,Completed
P0784,Project 0784,8096016,,Ongoing
P0785,Project 0785,2783577,2911498.752094811,Ongoing
P0786,Project 0786,2272642,1397816.8394212378,Completed
P0787,Project 0787,2525626,2210294.482654028,Ongoing
P0788,Project 0788,8081910,5785155.661629176,Ongoing
P0789,Project 0789,2017010,1231043.2541864417,On Hold
P0790,Project 0790,1176621,765409.0834319243,Ongoing
P0791,Project 0791,2030298,2025852.0103964258,Completed
P0792,Project 0792,9114423,4869521.144381247,Ongoing
P0793,Project 0793,1021470,1191511.6846805746,On Hold
P0794,Project 0794,9729497,6566406.777706588,Ongoing
P0795,Project 0795,2537647,1290063.2151470638,Ongoing
P0796,Project 0796,2693037,1720024.2162644088,On Hold
P0797,Project 0797,1909947,1733518.81827757,Ongoing
P0798,Project 0798,865746,1037174.9612187273,On Hold
P0799,Project 0799,7939543,,Completed
P0800,Project 0800,2555673,1354218.9809291589,Ongoing
P0801,Project 0801,7767158,8351091.237996282,Ongoing
P0802,Project 0802,6921134,6770592.703158469,Ongoing
P0803,Project 0803,3639874,2520566.294081741,Ongoing
P0804,Project 0804,1081321,1005492.9371524029,On Hold
P0805,Project 0805,5451043,4629157.232901102,Completed
P0806,Project 0806,1523059,855053.0684840665,Completed
P0807,Project 0807,3846346,3653477.7799655045,Ongoing
P0808,Project 0808,9621045,10163598.5391565,On Hold
P0809,Project 0809,6524901,5453375.932489856,Completed
P0810,Project 0810,9990050,8508278.61978133,Ongoing
P0811,Project 0811,937264,677842.7249857825,Completed
P0812,Project 0812,1482997,1580960.3983638731,Completed
P0813,Project 0813,4405100,5205885.082245575,On Hold
P0814,Project 0814,4545872,3121054.341971921,On Hold
P0815,Project 0815,1437991,1488083.138380787,On Hold
P0816,Project 0816,7016648,5251001.460658652,Ongoing
P0817,Project 0817,3454473,2299248.150824773,On Hold
P0818,Project 0818,6519382,,On Hold
P0819,Project 0819,6400247,7445350.466018962,On Hold
P0820,Project 0820,3658036,3971485.0151421665,Completed
P0821,Project 0821,9595341,6873499.230071989,Ongoing
P0822,Project 0822,1442342,956036.7076811466,On Hold
P0823,Project 0823,8519324,4263738.049002678,Ongoing
P0824,Project 0824,2689251,1986096.1203874236,Completed
P0825,Project 0825,1499183,772587.5090703892,Ongoing
P0826,Project 0826,2360938,2579411.2256315146,Ongoing
P0827,Project 0827,6767813,6721633.550388537,On Hold
P0828,Project 0828,2195038,1614654.0383323384,Ongoing
P0829,Project 0829,7829435,8254493.205805658,On Hold
P0830,Project 0830,5823132,3621649.6034086347,On Hold
P0831,Project 0831,6486539,4256895.326315748,Ongoing
P0832,Project 0832,6848231,4894952.945278869,Ongoing
P0833,Project 0833,3481450,3516896.9720803685,On Hold
P0834,Project 0834,7069981,7745375.407365114,On Hold
P0835,Project 0835,1043292,654621.1075764201,On Hold
P0836,Project 0836,4206007,3986254.6626987318,Completed
P0837,Project 0837,2859604,,Completed
P0838,Project 0838,5860633,3619065.0744293607,Ongoing
P0839,Project 0839,6132941,4983879.02425896,Ongoing
P0840,Project 0840,1637407,1220419.715501159,On Hold
P0841,Project 0841,521494,278323.027226212,Completed
P0842,Project 0842,3290695,3682901.0849902113,Completed
P0843,Project 0843,6392681,5639730.430605868,Completed
P0844,Project 0844,4284650,,Ongoing
P0845,Project 0845,5447745,2800438.3705107598,Ongoing
P0846,Project 0846,1744876,1289927.0487527305,Ongoing
P0847,Project 0847,1758331,1552487.3764663325,Ongoing
P0848,Project 0848,6169869,5650497.947160108,Completed
P0849,Project 0849,1019979,817948.0201271327,On Hold
P0850,Project 0850,7784673,4748437.573509477,Ongoing
P0851,Project 0851,3687406,2900129.722853688,On Hold
P0852,Project 0852,9561801,6556386.755784763,Ongoing
P0853,Project 0853,2109202,1127884.8230093978,Completed
P0854,Project 0854,3076811,,Ongoing
P0855,Project 0855,5441719,5859251.841002291,Completed
P0856,Project 0856,3849987,2186372.3061318723,On Hold
P0857,Project 0857,5395783,6388285.414264402,Ongoing
P0858,Project 0858,5673311,5953649.726935984,On Hold
P0859,Project 0859,4946036,2788554.3941052756,Ongoing
P0860,Project 0860,6724691,7530610.819049012,Completed
P0861,Project 0861,1248547,854389.6725198106,Ongoing
P0862,Project 0862,5005722,4479984.0909840595,On Hold
P0863,Project 0863,2122400,1188533.639054328,On Hold
P0864,Project 0864,7445543,8781972.37215477,On Hold
P0865,Project 0865,1523137,1658022.9915795508,Completed
P0866,Project 0866,9484440,9303738.206466518,On Hold
P0867,Project 0867,4453417,,On Hold
P0868,Project 0868,1082647,921842.555372945,On Hold
P0869,Project 0869,2973761,1737263.1837082147,Ongoing
P0870,Project 0870,3304559,3901082.8387364578,Ongoing
P0871,Project 0871,1215982,968362.3797737069,Completed
P0872,Project 0872,3887643,4657740.210021344,On Hold
P0873,Project 0873,4826615,3493622.8750908845,Ongoing
P0874,Project 0874,1960078,1512532.2281499926,Completed
P0875,Project 0875,5133880,4434551.718643775,Ongoing
P0876,Project 0876,9267135,9704358.083152333,Ongoing
P0877,Project 0877,2986379,2677634.443699431,Ongoing
P0878,Project 0878,2272258,2031122.8717596952,Completed
P0879,Project 0879,9486438,10587766.486698706,Completed
P0880,Project 0880,6926403,6637927.80075534,Completed
P0881,Project 0881,1128569,700321.9925042801,On Hold
P0882,Project 0882,7239741,3816413.3433445985,Completed
P0883,Project 0883,4485919,2397740.226542502,Completed
P0884,Project 0884,6748518,3469838.409004583,Completed
P0885,Project 0885,5716863,3980323.8861355763,On Hold
P0886,Project 0886,2147814,2536026.3328793133,Completed
P0887,Project 0887,7934162,8265981.5886011,On Hold
P0888,Project 0888,7492286,,Completed
P0889,Project 0889,4046544,4610644.22671926,Completed
P0890,Project 0890,9165455,10146454.540252093,On Hold
P0891,Project 0891,3167115,1729029.0376647846,Completed
P0892,Project 0892,2775826,2904517.4591513244,On Hold
P0893,Project 0893,985669,612707.7681746376,Ongoing
P0894,Project 0894,1466829,989586.185369622,Completed
P0895,Project 0895,3840507,2656802.2505132854,On Hold
P0896,Project 0896,7159586,6764282.8213254595,Ongoing
P0897,Project 0897,4559047,3468188.9302440803,Ongoing
P0898,Project 0898,8462169,7707480.3914387915,Ongoing
P0899,Project 0899,4839593,4957063.444607738,Completed
P0900,Project 0900,960542,740189.7937534208,On Hold
P0901,Project 0901,4095669,4505145.10396097,On Hold
P0902,Project 0902,3968370,2731661.2424244857,Ongoing
P0903,Project 0903,649283,540117.7795828948,Ongoing
P0904,Project 0904,641997,421560.28233938833,Completed
P0905,Project 0905,5120085,4078991.2900687144,Completed
P0906,Project 0906,8200708,5546951.481815327,On Hold
P0907,Project 0907,9234854,9946100.060831152,Ongoing
P0908,Project 0908,623271,534803.6663401301,Completed
P0909,Project 0909,9919687,9454845.349070009,Completed
P0910,Project 0910,2313693,1937062.8652124489,Completed
P0911,Project 0911,5954894,6568510.812973018,On Hold
P0912,Project 0912,5512883,3483326.462822661,Ongoing
P0913,Project 0913,1452520,1545192.048180158,On Hold
P0914,Project 0914,7279646,7005721.850064825,On Hold
P0915,Project 0915,927068,888854.6272402323,Completed
P0916,Project 0916,7522366,5891661.678010813,On Hold
P0917,Project 0917,3686247,2728622.455052588,On Hold
P0918,Project 0918,9469688,8966085.379610669,On Hold
P0919,Project 0919,6514583,5570752.8137885295,On Hold
P0920,Project 0920,9865848,,Ongoing
P0921,Project 0921,4839457,4876385.183074769,Ongoing
P0922,Project 0922,6130978,5874116.084868321,Ongoing
P0923,Project 0923,5652035,4489585.470344307,Completed
P0924,Project 0924,4871458,4432537.133411863,Ongoing
P0925,Project 0925,8394293,4512552.557844769,On Hold
P0926,Project 0926,1694801,1407623.3729730584,Ongoing
P0927,Project 0927,6903346,6012033.965108432,Ongoing
P0928,Project 0928,2804606,3350504.3196076294,On Hold
P0929,Project 0929,8176774,4908165.067287007,Ongoing
P0930,Project 0930,1855791,1561289.2017182081,Ongoing
P0931,Project 0931,5758215,,Completed
P0932,Project 0932,4012853,4144616.219472416,Ongoing
P0933,Project 0933,8713740,9146356.574190067,Ongoing
P0934,Project 0934,7776470,7336642.798953251,Completed
P0935,Project 0935,6930982,3488144.1959664137,On Hold
P0936,Project 0936,6759602,7875260.999343756,On Hold
P0937,Project 0937,3697346,,On Hold
P0938,Project 0938,4674559,3077664.191968451,Completed
P0939,Project 0939,2663099,1523015.0168071254,Completed
P0940,Project 0940,3302133,,Completed
P0941,Project 0941,8149174,8226447.222392869,Completed
P0942,Project 0942,7775695,8721078.232955428,Completed
P0943,Project 0943,8723833,6555747.816435134,Completed
P0944,Project 0944,820859,541678.9434104356,Ongoing
P0945,Project 0945,4043184,4099196.7893821024,Ongoing
P0946,Project 0946,2566315,1941709.8984194417,Ongoing
P0947,Project 0947,6794684,7566430.298928672,On Hold
P0948,Project 0948,1315153,,Ongoing
P0949,Project 0949,831211,443670.9566681505,Completed
P0950,Project 0950,6879599,4034998.630252486,On Hold
P0951,Project 0951,3069046,1975994.344244744,Ongoing
P0952,Project 0952,5551895,4411591.394205313,On Hold
P0953,Project 0953,5029464,4707369.298389233,Completed
P0954,Project 0954,2260168,1939471.2945593288,Completed
P0955,Project 0955,2412813,2531842.0026725265,On Hold
P0956,Project 0956,3851238,4022892.459426099,Ongoing
P0957,Project 0957,6504931,6455530.7662513,Ongoing
P0958,Project 0958,9696242,8217063.793060363,Completed
P0959,Project 0959,6046608,,Ongoing
P0960,Project 0960,2352723,2551910.44788824,Ongoing
P0961,Project 0961,2011336,,On Hold
P0962,Project 0962,2199372,2492648.5102759493,Completed
P0963,Project 0963,5466428,,Ongoing
P0964,Project 0964,1161769,1273965.7723657559,On Hold
P0965,Project 0965,5746354,4586720.480693562,Ongoing
P0966,Project 0966,662274,726116.6225549871,Ongoing
P0967,Project 0967,6014013,4512128.619859435,On Hold
P0968,Project 0968,5001484,,Completed
P0969,Project 0969,3568039,2068329.4105732027,Completed
P0970,Project 0970,5060602,5490732.126784471,Completed
P0971,Project 0971,7575620,7228600.080106678,Ongoing
P0972,Project 0972,2723175,,Ongoing
P0973,Project 0973,2240017,1772344.9104070738,On Hold
P0974,Project 0974,7851152,4921748.948668492,Completed
P0975,Project 0975,983456,1085541.724637257,On Hold
P0976,Project 0976,2692032,2256342.1254394483,Completed
P0977,Project 0977,7893515,4200775.767978515,Completed
P0978,Project 0978,707369,702557.2805002454,On Hold
P0979,Project 0979,9979332,6554319.911047365,Completed
P0980,Project 0980,9209047,7976620.708545281,Ongoing
P0981,Project 0981,7761982,7476335.504760143,Completed
P0982,Project 0982,6957158,4202527.758229292,On Hold
P0983,Project 0983,1415467,719271.5478528965,On Hold
P0984,Project 0984,8373361,9179797.773580508,Ongoing
P0985,Project 0985,8748484,6337783.863538298,Completed
P0986,Project 0986,1344744,1149555.1245178033,Completed
P0987,Project 0987,7265865,,Completed
P0988,Project 0988,8017846,4502933.787250588,Completed
P0989,Project 0989,2491570,2956171.855124461,Ongoing
P0990,Project 0990,2222069,,On Hold
P0991,Project 0991,502847,542137.5190128675,On Hold
P0992,Project 0992,5610305,6300808.038362919,On Hold
P0993,Project 0993,8153898,9501318.15561985,Ongoing
P0994,Project 0994,4239945,4625874.154523997,On Hold
P0995,Project 0995,8437865,8451877.32102435,Completed
P0996,Project 0996,2412994,1371077.465170809,Ongoing
P0997,Project 0997,6227022,4661531.762893274,Completed
P0998,Project 0998,9688723,8384519.739966939,Ongoing
P0999,Project 0999,3254070,2748698.2841452286,On Hold
P1000,Project 1000,7365417,4234179.763769341,Ongoing
